ONSConstID,ConstituencyName,RegionID,RegionName,CountryID,CountryName,DateOfThisUpdate,DateOfDataset,WageMedianConst,WageMedianRegion,WageMedianCountry
E14000554,Berwick-upon-Tweed,E15000001,North East,K02000001,UK,11/1/23,4/1/23,623,614,682
E14000569,Bishop Auckland,E15000001,North East,K02000001,UK,11/1/23,4/1/23,606,614,682
E14000574,Blaydon,E15000001,North East,K02000001,UK,11/1/23,4/1/23,625,614,682
E14000575,Blyth Valley,E15000001,North East,K02000001,UK,11/1/23,4/1/23,658,614,682
E14000641,City of Durham,E15000001,North East,K02000001,UK,11/1/23,4/1/23,586,614,682
E14000658,Darlington,E15000001,North East,K02000001,UK,11/1/23,4/1/23,587,614,682
E14000677,Easington,E15000001,North East,K02000001,UK,11/1/23,4/1/23,625,614,682
E14000709,Gateshead,E15000001,North East,K02000001,UK,11/1/23,4/1/23,576,614,682
E14000733,Hartlepool,E15000001,North East,K02000001,UK,11/1/23,4/1/23,620,614,682
E14000746,Hexham,E15000001,North East,K02000001,UK,11/1/23,4/1/23,711,614,682
E14000754,Houghton and Sunderland South,E15000001,North East,K02000001,UK,11/1/23,4/1/23,574,614,682
E14000765,Jarrow,E15000001,North East,K02000001,UK,11/1/23,4/1/23,600,614,682
E14000819,Middlesbrough,E15000001,North East,K02000001,UK,11/1/23,4/1/23,537,614,682
E14000820,Middlesbrough South and East Cleveland,E15000001,North East,K02000001,UK,11/1/23,4/1/23,627,614,682
E14000831,Newcastle upon Tyne Central,E15000001,North East,K02000001,UK,11/1/23,4/1/23,625,614,682
E14000832,Newcastle upon Tyne East,E15000001,North East,K02000001,UK,11/1/23,4/1/23,613,614,682
E14000833,Newcastle upon Tyne North,E15000001,North East,K02000001,UK,11/1/23,4/1/23,672,614,682
E14000840,North Durham,E15000001,North East,K02000001,UK,11/1/23,4/1/23,593,614,682
E14000853,North Tyneside,E15000001,North East,K02000001,UK,11/1/23,4/1/23,626,614,682
E14000856,North West Durham,E15000001,North East,K02000001,UK,11/1/23,4/1/23,648,614,682
E14000891,Redcar,E15000001,North East,K02000001,UK,11/1/23,4/1/23,552,614,682
E14000915,Sedgefield,E15000001,North East,K02000001,UK,11/1/23,4/1/23,618,614,682
E14000944,South Shields,E15000001,North East,K02000001,UK,11/1/23,4/1/23,582,614,682
E14000970,Stockton North,E15000001,North East,K02000001,UK,11/1/23,4/1/23,564,614,682
E14000971,Stockton South,E15000001,North East,K02000001,UK,11/1/23,4/1/23,665,614,682
E14000982,Sunderland Central,E15000001,North East,K02000001,UK,11/1/23,4/1/23,580,614,682
E14001006,Tynemouth,E15000001,North East,K02000001,UK,11/1/23,4/1/23,698,614,682
E14001014,Wansbeck,E15000001,North East,K02000001,UK,11/1/23,4/1/23,610,614,682
E14001020,Washington and Sunderland West,E15000001,North East,K02000001,UK,11/1/23,4/1/23,597,614,682
E14000532,Altrincham and Sale West,E15000002,North West,K02000001,UK,11/1/23,4/1/23,805,649,682
E14000537,Ashton-under-Lyne,E15000002,North West,K02000001,UK,11/1/23,4/1/23,556,649,682
E14000543,Barrow and Furness,E15000002,North West,K02000001,UK,11/1/23,4/1/23,705,649,682
E14000559,Birkenhead,E15000002,North West,K02000001,UK,11/1/23,4/1/23,641,649,682
E14000570,Blackburn,E15000002,North West,K02000001,UK,11/1/23,4/1/23,581,649,682
E14000571,Blackley and Broughton,E15000002,North West,K02000001,UK,11/1/23,4/1/23,558,649,682
E14000572,Blackpool North and Cleveleys,E15000002,North West,K02000001,UK,11/1/23,4/1/23,566,649,682
E14000573,Blackpool South,E15000002,North West,K02000001,UK,11/1/23,4/1/23,525,649,682
E14000578,Bolton North East,E15000002,North West,K02000001,UK,11/1/23,4/1/23,620,649,682
E14000579,Bolton South East,E15000002,North West,K02000001,UK,11/1/23,4/1/23,582,649,682
E14000580,Bolton West,E15000002,North West,K02000001,UK,11/1/23,4/1/23,662,649,682
E14000581,Bootle,E15000002,North West,K02000001,UK,11/1/23,4/1/23,622,649,682
E14000609,Burnley,E15000002,North West,K02000001,UK,11/1/23,4/1/23,578,649,682
E14000611,Bury North,E15000002,North West,K02000001,UK,11/1/23,4/1/23,632,649,682
E14000612,Bury South,E15000002,North West,K02000001,UK,11/1/23,4/1/23,623,649,682
E14000620,Carlisle,E15000002,North West,K02000001,UK,11/1/23,4/1/23,609,649,682
E14000627,Cheadle,E15000002,North West,K02000001,UK,11/1/23,4/1/23,757,649,682
E14000637,Chorley,E15000002,North West,K02000001,UK,11/1/23,4/1/23,659,649,682
E14000640,City of Chester,E15000002,North West,K02000001,UK,11/1/23,4/1/23,685,649,682
E14000646,Congleton,E15000002,North West,K02000001,UK,11/1/23,4/1/23,725,649,682
E14000647,Copeland,E15000002,North West,K02000001,UK,11/1/23,4/1/23,774,649,682
E14000653,Crewe and Nantwich,E15000002,North West,K02000001,UK,11/1/23,4/1/23,623,649,682
E14000661,Denton and Reddish,E15000002,North West,K02000001,UK,11/1/23,4/1/23,629,649,682
E14000686,Eddisbury,E15000002,North West,K02000001,UK,11/1/23,4/1/23,760,649,682
E14000688,Ellesmere Port and Neston,E15000002,North West,K02000001,UK,11/1/23,4/1/23,653,649,682
E14000706,Fylde,E15000002,North West,K02000001,UK,11/1/23,4/1/23,726,649,682
E14000708,Garston and Halewood,E15000002,North West,K02000001,UK,11/1/23,4/1/23,728,649,682
E14000725,Halton,E15000002,North West,K02000001,UK,11/1/23,4/1/23,663,649,682
E14000738,Hazel Grove,E15000002,North West,K02000001,UK,11/1/23,4/1/23,693,649,682
E14000747,Heywood and Middleton,E15000002,North West,K02000001,UK,11/1/23,4/1/23,664,649,682
E14000758,Hyndburn,E15000002,North West,K02000001,UK,11/1/23,4/1/23,611,649,682
E14000775,Knowsley,E15000002,North West,K02000001,UK,11/1/23,4/1/23,668,649,682
E14000776,Lancaster and Fleetwood,E15000002,North West,K02000001,UK,11/1/23,4/1/23,645,649,682
E14000785,Leigh,E15000002,North West,K02000001,UK,11/1/23,4/1/23,622,649,682
E14000793,"Liverpool, Riverside",E15000002,North West,K02000001,UK,11/1/23,4/1/23,636,649,682
E14000794,"Liverpool, Walton",E15000002,North West,K02000001,UK,11/1/23,4/1/23,559,649,682
E14000795,"Liverpool, Wavertree",E15000002,North West,K02000001,UK,11/1/23,4/1/23,666,649,682
E14000796,"Liverpool, West Derby",E15000002,North West,K02000001,UK,11/1/23,4/1/23,616,649,682
E14000802,Macclesfield,E15000002,North West,K02000001,UK,11/1/23,4/1/23,673,649,682
E14000805,Makerfield,E15000002,North West,K02000001,UK,11/1/23,4/1/23,625,649,682
E14000807,Manchester Central,E15000002,North West,K02000001,UK,11/1/23,4/1/23,649,649,682
E14000808,"Manchester, Gorton",E15000002,North West,K02000001,UK,11/1/23,4/1/23,639,649,682
E14000809,"Manchester, Withington",E15000002,North West,K02000001,UK,11/1/23,4/1/23,718,649,682
E14000825,Morecambe and Lunesdale,E15000002,North West,K02000001,UK,11/1/23,4/1/23,590,649,682
E14000870,Oldham East and Saddleworth,E15000002,North West,K02000001,UK,11/1/23,4/1/23,644,649,682
E14000871,Oldham West and Royton,E15000002,North West,K02000001,UK,11/1/23,4/1/23,575,649,682
E14000875,Pendle,E15000002,North West,K02000001,UK,11/1/23,4/1/23,537,649,682
E14000877,Penrith and The Border,E15000002,North West,K02000001,UK,11/1/23,4/1/23,719,649,682
E14000885,Preston,E15000002,North West,K02000001,UK,11/1/23,4/1/23,565,649,682
E14000894,Ribble Valley,E15000002,North West,K02000001,UK,11/1/23,4/1/23,664,649,682
E14000897,Rochdale,E15000002,North West,K02000001,UK,11/1/23,4/1/23,608,649,682
E14000902,Rossendale and Darwen,E15000002,North West,K02000001,UK,11/1/23,4/1/23,613,649,682
E14000911,Salford and Eccles,E15000002,North West,K02000001,UK,11/1/23,4/1/23,624,649,682
E14000916,Sefton Central,E15000002,North West,K02000001,UK,11/1/23,4/1/23,720,649,682
E14000943,South Ribble,E15000002,North West,K02000001,UK,11/1/23,4/1/23,654,649,682
E14000958,Southport,E15000002,North West,K02000001,UK,11/1/23,4/1/23,697,649,682
E14000962,St Helens North,E15000002,North West,K02000001,UK,11/1/23,4/1/23,649,649,682
E14000963,St Helens South and Whiston,E15000002,North West,K02000001,UK,11/1/23,4/1/23,674,649,682
E14000967,Stalybridge and Hyde,E15000002,North West,K02000001,UK,11/1/23,4/1/23,613,649,682
E14000969,Stockport,E15000002,North West,K02000001,UK,11/1/23,4/1/23,714,649,682
E14000979,Stretford and Urmston,E15000002,North West,K02000001,UK,11/1/23,4/1/23,660,649,682
E14000987,Tatton,E15000002,North West,K02000001,UK,11/1/23,4/1/23,643,649,682
E14001010,Wallasey,E15000002,North West,K02000001,UK,11/1/23,4/1/23,622,649,682
E14001017,Warrington North,E15000002,North West,K02000001,UK,11/1/23,4/1/23,648,649,682
E14001018,Warrington South,E15000002,North West,K02000001,UK,11/1/23,4/1/23,728,649,682
E14001024,Weaver Vale,E15000002,North West,K02000001,UK,11/1/23,4/1/23,675,649,682
E14001033,West Lancashire,E15000002,North West,K02000001,UK,11/1/23,4/1/23,657,649,682
E14001037,Westmorland and Lonsdale,E15000002,North West,K02000001,UK,11/1/23,4/1/23,663,649,682
E14001039,Wigan,E15000002,North West,K02000001,UK,11/1/23,4/1/23,587,649,682
E14001043,Wirral South,E15000002,North West,K02000001,UK,11/1/23,4/1/23,683,649,682
E14001044,Wirral West,E15000002,North West,K02000001,UK,11/1/23,4/1/23,811,649,682
E14001053,Workington,E15000002,North West,K02000001,UK,11/1/23,4/1/23,735,649,682
E14001054,Worsley and Eccles South,E15000002,North West,K02000001,UK,11/1/23,4/1/23,593,649,682
E14001057,Wyre and Preston North,E15000002,North West,K02000001,UK,11/1/23,4/1/23,737,649,682
E14001059,Wythenshawe and Sale East,E15000002,North West,K02000001,UK,11/1/23,4/1/23,591,649,682
E14000541,Barnsley Central,E15000003,Yorkshire and The Humber,K02000001,UK,11/1/23,4/1/23,582,632,682
E14000542,Barnsley East,E15000003,Yorkshire and The Humber,K02000001,UK,11/1/23,4/1/23,643,632,682
E14000548,Batley and Spen,E15000003,Yorkshire and The Humber,K02000001,UK,11/1/23,4/1/23,651,632,682
E14000556,Beverley and Holderness,E15000003,Yorkshire and The Humber,K02000001,UK,11/1/23,4/1/23,678,632,682
E14000587,Bradford East,E15000003,Yorkshire and The Humber,K02000001,UK,11/1/23,4/1/23,554,632,682
E14000588,Bradford South,E15000003,Yorkshire and The Humber,K02000001,UK,11/1/23,4/1/23,597,632,682
E14000589,Bradford West,E15000003,Yorkshire and The Humber,K02000001,UK,11/1/23,4/1/23,556,632,682
E14000596,Brigg and Goole,E15000003,Yorkshire and The Humber,K02000001,UK,11/1/23,4/1/23,696,632,682
E14000614,Calder Valley,E15000003,Yorkshire and The Humber,K02000001,UK,11/1/23,4/1/23,664,632,682
E14000643,Cleethorpes,E15000003,Yorkshire and The Humber,K02000001,UK,11/1/23,4/1/23,679,632,682
E14000645,Colne Valley,E15000003,Yorkshire and The Humber,K02000001,UK,11/1/23,4/1/23,641,632,682
E14000666,Dewsbury,E15000003,Yorkshire and The Humber,K02000001,UK,11/1/23,4/1/23,587,632,682
E14000667,Don Valley,E15000003,Yorkshire and The Humber,K02000001,UK,11/1/23,4/1/23,641,632,682
E14000668,Doncaster Central,E15000003,Yorkshire and The Humber,K02000001,UK,11/1/23,4/1/23,597,632,682
E14000669,Doncaster North,E15000003,Yorkshire and The Humber,K02000001,UK,11/1/23,4/1/23,635,632,682
E14000683,East Yorkshire,E15000003,Yorkshire and The Humber,K02000001,UK,11/1/23,4/1/23,617,632,682
E14000689,Elmet and Rothwell,E15000003,Yorkshire and The Humber,K02000001,UK,11/1/23,4/1/23,796,632,682
E14000716,Great Grimsby,E15000003,Yorkshire and The Humber,K02000001,UK,11/1/23,4/1/23,595,632,682
E14000723,Halifax,E15000003,Yorkshire and The Humber,K02000001,UK,11/1/23,4/1/23,600,632,682
E14000724,Haltemprice and Howden,E15000003,Yorkshire and The Humber,K02000001,UK,11/1/23,4/1/23,695,632,682
E14000730,Harrogate and Knaresborough,E15000003,Yorkshire and The Humber,K02000001,UK,11/1/23,4/1/23,684,632,682
E14000740,Hemsworth,E15000003,Yorkshire and The Humber,K02000001,UK,11/1/23,4/1/23,608,632,682
E14000756,Huddersfield,E15000003,Yorkshire and The Humber,K02000001,UK,11/1/23,4/1/23,593,632,682
E14000766,Keighley,E15000003,Yorkshire and The Humber,K02000001,UK,11/1/23,4/1/23,695,632,682
E14000771,Kingston upon Hull East,E15000003,Yorkshire and The Humber,K02000001,UK,11/1/23,4/1/23,579,632,682
E14000772,Kingston upon Hull North,E15000003,Yorkshire and The Humber,K02000001,UK,11/1/23,4/1/23,567,632,682
E14000773,Kingston upon Hull West and Hessle,E15000003,Yorkshire and The Humber,K02000001,UK,11/1/23,4/1/23,578,632,682
E14000777,Leeds Central,E15000003,Yorkshire and The Humber,K02000001,UK,11/1/23,4/1/23,575,632,682
E14000778,Leeds East,E15000003,Yorkshire and The Humber,K02000001,UK,11/1/23,4/1/23,604,632,682
E14000779,Leeds North East,E15000003,Yorkshire and The Humber,K02000001,UK,11/1/23,4/1/23,714,632,682
E14000780,Leeds North West,E15000003,Yorkshire and The Humber,K02000001,UK,11/1/23,4/1/23,737,632,682
E14000781,Leeds West,E15000003,Yorkshire and The Humber,K02000001,UK,11/1/23,4/1/23,576,632,682
E14000826,Morley and Outwood,E15000003,Yorkshire and The Humber,K02000001,UK,11/1/23,4/1/23,727,632,682
E14000836,"Normanton, Pontefract and Castleford",E15000003,Yorkshire and The Humber,K02000001,UK,11/1/23,4/1/23,611,632,682
E14000876,Penistone and Stocksbridge,E15000003,Yorkshire and The Humber,K02000001,UK,11/1/23,4/1/23,711,632,682
E14000886,Pudsey,E15000003,Yorkshire and The Humber,K02000001,UK,11/1/23,4/1/23,696,632,682
E14000895,Richmond (Yorks),E15000003,Yorkshire and The Humber,K02000001,UK,11/1/23,4/1/23,614,632,682
E14000903,Rother Valley,E15000003,Yorkshire and The Humber,K02000001,UK,11/1/23,4/1/23,592,632,682
E14000904,Rotherham,E15000003,Yorkshire and The Humber,K02000001,UK,11/1/23,4/1/23,596,632,682
E14000913,Scarborough and Whitby,E15000003,Yorkshire and The Humber,K02000001,UK,11/1/23,4/1/23,580,632,682
E14000914,Scunthorpe,E15000003,Yorkshire and The Humber,K02000001,UK,11/1/23,4/1/23,609,632,682
E14000917,Selby and Ainsty,E15000003,Yorkshire and The Humber,K02000001,UK,11/1/23,4/1/23,670,632,682
E14000919,Sheffield Central,E15000003,Yorkshire and The Humber,K02000001,UK,11/1/23,4/1/23,643,632,682
E14000920,Sheffield South East,E15000003,Yorkshire and The Humber,K02000001,UK,11/1/23,4/1/23,628,632,682
E14000921,"Sheffield, Brightside and Hillsborough",E15000003,Yorkshire and The Humber,K02000001,UK,11/1/23,4/1/23,564,632,682
E14000922,"Sheffield, Hallam",E15000003,Yorkshire and The Humber,K02000001,UK,11/1/23,4/1/23,798,632,682
E14000923,"Sheffield, Heeley",E15000003,Yorkshire and The Humber,K02000001,UK,11/1/23,4/1/23,652,632,682
E14000925,Shipley,E15000003,Yorkshire and The Humber,K02000001,UK,11/1/23,4/1/23,664,632,682
E14000928,Skipton and Ripon,E15000003,Yorkshire and The Humber,K02000001,UK,11/1/23,4/1/23,648,632,682
E14000993,Thirsk and Malton,E15000003,Yorkshire and The Humber,K02000001,UK,11/1/23,4/1/23,605,632,682
E14001009,Wakefield,E15000003,Yorkshire and The Humber,K02000001,UK,11/1/23,4/1/23,605,632,682
E14001028,Wentworth and Dearne,E15000003,Yorkshire and The Humber,K02000001,UK,11/1/23,4/1/23,606,632,682
E14001061,York Central,E15000003,Yorkshire and The Humber,K02000001,UK,11/1/23,4/1/23,629,632,682
E14001062,York Outer,E15000003,Yorkshire and The Humber,K02000001,UK,11/1/23,4/1/23,667,632,682
E14000533,Amber Valley,E15000004,East Midlands,K02000001,UK,11/1/23,4/1/23,665,640,682
E14000535,Ashfield,E15000004,East Midlands,K02000001,UK,11/1/23,4/1/23,588,640,682
E14000546,Bassetlaw,E15000004,East Midlands,K02000001,UK,11/1/23,4/1/23,604,640,682
E14000577,Bolsover,E15000004,East Midlands,K02000001,UK,11/1/23,4/1/23,561,640,682
E14000582,Boston and Skegness,E15000004,East Midlands,K02000001,UK,11/1/23,4/1/23,580,640,682
E14000583,Bosworth,E15000004,East Midlands,K02000001,UK,11/1/23,4/1/23,653,640,682
E14000607,Broxtowe,E15000004,East Midlands,K02000001,UK,11/1/23,4/1/23,668,640,682
E14000625,Charnwood,E15000004,East Midlands,K02000001,UK,11/1/23,4/1/23,698,640,682
E14000632,Chesterfield,E15000004,East Midlands,K02000001,UK,11/1/23,4/1/23,622,640,682
E14000648,Corby,E15000004,East Midlands,K02000001,UK,11/1/23,4/1/23,634,640,682
E14000660,Daventry,E15000004,East Midlands,K02000001,UK,11/1/23,4/1/23,674,640,682
E14000662,Derby North,E15000004,East Midlands,K02000001,UK,11/1/23,4/1/23,641,640,682
E14000663,Derby South,E15000004,East Midlands,K02000001,UK,11/1/23,4/1/23,622,640,682
E14000664,Derbyshire Dales,E15000004,East Midlands,K02000001,UK,11/1/23,4/1/23,739,640,682
E14000695,Erewash,E15000004,East Midlands,K02000001,UK,11/1/23,4/1/23,660,640,682
E14000707,Gainsborough,E15000004,East Midlands,K02000001,UK,11/1/23,4/1/23,640,640,682
E14000710,Gedling,E15000004,East Midlands,K02000001,UK,11/1/23,4/1/23,644,640,682
E14000714,Grantham and Stamford,E15000004,East Midlands,K02000001,UK,11/1/23,4/1/23,655,640,682
E14000728,Harborough,E15000004,East Midlands,K02000001,UK,11/1/23,4/1/23,695,640,682
E14000748,High Peak,E15000004,East Midlands,K02000001,UK,11/1/23,4/1/23,646,640,682
E14000769,Kettering,E15000004,East Midlands,K02000001,UK,11/1/23,4/1/23,671,640,682
E14000782,Leicester East,E15000004,East Midlands,K02000001,UK,11/1/23,4/1/23,500,640,682
E14000783,Leicester South,E15000004,East Midlands,K02000001,UK,11/1/23,4/1/23,606,640,682
E14000784,Leicester West,E15000004,East Midlands,K02000001,UK,11/1/23,4/1/23,539,640,682
E14000792,Lincoln,E15000004,East Midlands,K02000001,UK,11/1/23,4/1/23,627,640,682
E14000797,Loughborough,E15000004,East Midlands,K02000001,UK,11/1/23,4/1/23,661,640,682
E14000798,Louth and Horncastle,E15000004,East Midlands,K02000001,UK,11/1/23,4/1/23,575,640,682
E14000810,Mansfield,E15000004,East Midlands,K02000001,UK,11/1/23,4/1/23,596,640,682
E14000814,Mid Derbyshire,E15000004,East Midlands,K02000001,UK,11/1/23,4/1/23,707,640,682
E14000829,Newark,E15000004,East Midlands,K02000001,UK,11/1/23,4/1/23,716,640,682
E14000843,North East Derbyshire,E15000004,East Midlands,K02000001,UK,11/1/23,4/1/23,631,640,682
E14000858,North West Leicestershire,E15000004,East Midlands,K02000001,UK,11/1/23,4/1/23,690,640,682
E14000861,Northampton North,E15000004,East Midlands,K02000001,UK,11/1/23,4/1/23,609,640,682
E14000862,Northampton South,E15000004,East Midlands,K02000001,UK,11/1/23,4/1/23,600,640,682
E14000865,Nottingham East,E15000004,East Midlands,K02000001,UK,11/1/23,4/1/23,549,640,682
E14000866,Nottingham North,E15000004,East Midlands,K02000001,UK,11/1/23,4/1/23,517,640,682
E14000867,Nottingham South,E15000004,East Midlands,K02000001,UK,11/1/23,4/1/23,605,640,682
E14000908,Rushcliffe,E15000004,East Midlands,K02000001,UK,11/1/23,4/1/23,767,640,682
E14000909,Rutland and Melton,E15000004,East Midlands,K02000001,UK,11/1/23,4/1/23,675,640,682
E14000924,Sherwood,E15000004,East Midlands,K02000001,UK,11/1/23,4/1/23,672,640,682
E14000929,Sleaford and North Hykeham,E15000004,East Midlands,K02000001,UK,11/1/23,4/1/23,671,640,682
E14000935,South Derbyshire,E15000004,East Midlands,K02000001,UK,11/1/23,4/1/23,707,640,682
E14000939,South Holland and The Deepings,E15000004,East Midlands,K02000001,UK,11/1/23,4/1/23,640,640,682
E14000940,South Leicestershire,E15000004,East Midlands,K02000001,UK,11/1/23,4/1/23,683,640,682
E14000942,South Northamptonshire,E15000004,East Midlands,K02000001,UK,11/1/23,4/1/23,779,640,682
E14001025,Wellingborough,E15000004,East Midlands,K02000001,UK,11/1/23,4/1/23,621,640,682
E14000531,Aldridge-Brownhills,E15000005,West Midlands,K02000001,UK,11/1/23,4/1/23,642,652,682
E14000560,"Birmingham, Edgbaston",E15000005,West Midlands,K02000001,UK,11/1/23,4/1/23,675,652,682
E14000561,"Birmingham, Erdington",E15000005,West Midlands,K02000001,UK,11/1/23,4/1/23,573,652,682
E14000562,"Birmingham, Hall Green",E15000005,West Midlands,K02000001,UK,11/1/23,4/1/23,616,652,682
E14000563,"Birmingham, Hodge Hill",E15000005,West Midlands,K02000001,UK,11/1/23,4/1/23,539,652,682
E14000564,"Birmingham, Ladywood",E15000005,West Midlands,K02000001,UK,11/1/23,4/1/23,630,652,682
E14000565,"Birmingham, Northfield",E15000005,West Midlands,K02000001,UK,11/1/23,4/1/23,611,652,682
E14000566,"Birmingham, Perry Barr",E15000005,West Midlands,K02000001,UK,11/1/23,4/1/23,594,652,682
E14000567,"Birmingham, Selly Oak",E15000005,West Midlands,K02000001,UK,11/1/23,4/1/23,665,652,682
E14000568,"Birmingham, Yardley",E15000005,West Midlands,K02000001,UK,11/1/23,4/1/23,637,652,682
E14000605,Bromsgrove,E15000005,West Midlands,K02000001,UK,11/1/23,4/1/23,767,652,682
E14000610,Burton,E15000005,West Midlands,K02000001,UK,11/1/23,4/1/23,668,652,682
E14000618,Cannock Chase,E15000005,West Midlands,K02000001,UK,11/1/23,4/1/23,632,652,682
E14000649,Coventry North East,E15000005,West Midlands,K02000001,UK,11/1/23,4/1/23,661,652,682
E14000650,Coventry North West,E15000005,West Midlands,K02000001,UK,11/1/23,4/1/23,738,652,682
E14000651,Coventry South,E15000005,West Midlands,K02000001,UK,11/1/23,4/1/23,701,652,682
E14000671,Dudley North,E15000005,West Midlands,K02000001,UK,11/1/23,4/1/23,605,652,682
E14000672,Dudley South,E15000005,West Midlands,K02000001,UK,11/1/23,4/1/23,645,652,682
E14000722,Halesowen and Rowley Regis,E15000005,West Midlands,K02000001,UK,11/1/23,4/1/23,627,652,682
E14000743,Hereford and South Herefordshire,E15000005,West Midlands,K02000001,UK,11/1/23,4/1/23,621,652,682
E14000767,Kenilworth and Southam,E15000005,West Midlands,K02000001,UK,11/1/23,4/1/23,800,652,682
E14000791,Lichfield,E15000005,West Midlands,K02000001,UK,11/1/23,4/1/23,773,652,682
E14000799,Ludlow,E15000005,West Midlands,K02000001,UK,11/1/23,4/1/23,665,652,682
E14000812,Meriden,E15000005,West Midlands,K02000001,UK,11/1/23,4/1/23,758,652,682
E14000818,Mid Worcestershire,E15000005,West Midlands,K02000001,UK,11/1/23,4/1/23,633,652,682
E14000834,Newcastle-under-Lyme,E15000005,West Midlands,K02000001,UK,11/1/23,4/1/23,618,652,682
E14000847,North Herefordshire,E15000005,West Midlands,K02000001,UK,11/1/23,4/1/23,610,652,682
E14000849,North Shropshire,E15000005,West Midlands,K02000001,UK,11/1/23,4/1/23,666,652,682
E14000854,North Warwickshire,E15000005,West Midlands,K02000001,UK,11/1/23,4/1/23,633,652,682
E14000868,Nuneaton,E15000005,West Midlands,K02000001,UK,11/1/23,4/1/23,609,652,682
E14000892,Redditch,E15000005,West Midlands,K02000001,UK,11/1/23,4/1/23,615,652,682
E14000905,Rugby,E15000005,West Midlands,K02000001,UK,11/1/23,4/1/23,689,652,682
E14000926,Shrewsbury and Atcham,E15000005,West Midlands,K02000001,UK,11/1/23,4/1/23,629,652,682
E14000931,Solihull,E15000005,West Midlands,K02000001,UK,11/1/23,4/1/23,739,652,682
E14000945,South Staffordshire,E15000005,West Midlands,K02000001,UK,11/1/23,4/1/23,732,652,682
E14000965,Stafford,E15000005,West Midlands,K02000001,UK,11/1/23,4/1/23,678,652,682
E14000966,Staffordshire Moorlands,E15000005,West Midlands,K02000001,UK,11/1/23,4/1/23,720,652,682
E14000972,Stoke-on-Trent Central,E15000005,West Midlands,K02000001,UK,11/1/23,4/1/23,595,652,682
E14000973,Stoke-on-Trent North,E15000005,West Midlands,K02000001,UK,11/1/23,4/1/23,585,652,682
E14000974,Stoke-on-Trent South,E15000005,West Midlands,K02000001,UK,11/1/23,4/1/23,583,652,682
E14000975,Stone,E15000005,West Midlands,K02000001,UK,11/1/23,4/1/23,763,652,682
E14000976,Stourbridge,E15000005,West Midlands,K02000001,UK,11/1/23,4/1/23,612,652,682
E14000977,Stratford-on-Avon,E15000005,West Midlands,K02000001,UK,11/1/23,4/1/23,728,652,682
E14000985,Sutton Coldfield,E15000005,West Midlands,K02000001,UK,11/1/23,4/1/23,721,652,682
E14000986,Tamworth,E15000005,West Midlands,K02000001,UK,11/1/23,4/1/23,671,652,682
E14000989,Telford,E15000005,West Midlands,K02000001,UK,11/1/23,4/1/23,631,652,682
E14000992,The Wrekin,E15000005,West Midlands,K02000001,UK,11/1/23,4/1/23,712,652,682
E14001011,Walsall North,E15000005,West Midlands,K02000001,UK,11/1/23,4/1/23,580,652,682
E14001012,Walsall South,E15000005,West Midlands,K02000001,UK,11/1/23,4/1/23,637,652,682
E14001016,Warley,E15000005,West Midlands,K02000001,UK,11/1/23,4/1/23,563,652,682
E14001019,Warwick and Leamington,E15000005,West Midlands,K02000001,UK,11/1/23,4/1/23,793,652,682
E14001029,West Bromwich East,E15000005,West Midlands,K02000001,UK,11/1/23,4/1/23,645,652,682
E14001030,West Bromwich West,E15000005,West Midlands,K02000001,UK,11/1/23,4/1/23,614,652,682
E14001035,West Worcestershire,E15000005,West Midlands,K02000001,UK,11/1/23,4/1/23,678,652,682
E14001049,Wolverhampton North East,E15000005,West Midlands,K02000001,UK,11/1/23,4/1/23,575,652,682
E14001050,Wolverhampton South East,E15000005,West Midlands,K02000001,UK,11/1/23,4/1/23,564,652,682
E14001051,Wolverhampton South West,E15000005,West Midlands,K02000001,UK,11/1/23,4/1/23,690,652,682
E14001052,Worcester,E15000005,West Midlands,K02000001,UK,11/1/23,4/1/23,681,652,682
E14001058,Wyre Forest,E15000005,West Midlands,K02000001,UK,11/1/23,4/1/23,594,652,682
E14000544,Basildon and Billericay,E15000006,East of England,K02000001,UK,11/1/23,4/1/23,667,706,682
E14000552,Bedford,E15000006,East of England,K02000001,UK,11/1/23,4/1/23,689,706,682
E14000590,Braintree,E15000006,East of England,K02000001,UK,11/1/23,4/1/23,675,706,682
E14000594,Brentwood and Ongar,E15000006,East of England,K02000001,UK,11/1/23,4/1/23,899,706,682
E14000603,Broadland,E15000006,East of England,K02000001,UK,11/1/23,4/1/23,683,706,682
E14000606,Broxbourne,E15000006,East of England,K02000001,UK,11/1/23,4/1/23,763,706,682
E14000613,Bury St Edmunds,E15000006,East of England,K02000001,UK,11/1/23,4/1/23,637,706,682
E14000617,Cambridge,E15000006,East of England,K02000001,UK,11/1/23,4/1/23,779,706,682
E14000622,Castle Point,E15000006,East of England,K02000001,UK,11/1/23,4/1/23,681,706,682
E14000624,Central Suffolk and North Ipswich,E15000006,East of England,K02000001,UK,11/1/23,4/1/23,714,706,682
E14000628,Chelmsford,E15000006,East of England,K02000001,UK,11/1/23,4/1/23,683,706,682
E14000642,Clacton,E15000006,East of England,K02000001,UK,11/1/23,4/1/23,593,706,682
E14000644,Colchester,E15000006,East of England,K02000001,UK,11/1/23,4/1/23,699,706,682
E14000693,Epping Forest,E15000006,East of England,K02000001,UK,11/1/23,4/1/23,869,706,682
E14000717,Great Yarmouth,E15000006,East of England,K02000001,UK,11/1/23,4/1/23,625,706,682
E14000729,Harlow,E15000006,East of England,K02000001,UK,11/1/23,4/1/23,662,706,682
E14000734,Harwich and North Essex,E15000006,East of England,K02000001,UK,11/1/23,4/1/23,632,706,682
E14000739,Hemel Hempstead,E15000006,East of England,K02000001,UK,11/1/23,4/1/23,722,706,682
E14000744,Hertford and Stortford,E15000006,East of England,K02000001,UK,11/1/23,4/1/23,861,706,682
E14000745,Hertsmere,E15000006,East of England,K02000001,UK,11/1/23,4/1/23,730,706,682
E14000749,Hitchin and Harpenden,E15000006,East of England,K02000001,UK,11/1/23,4/1/23,843,706,682
E14000757,Huntingdon,E15000006,East of England,K02000001,UK,11/1/23,4/1/23,706,706,682
E14000761,Ipswich,E15000006,East of England,K02000001,UK,11/1/23,4/1/23,639,706,682
E14000800,Luton North,E15000006,East of England,K02000001,UK,11/1/23,4/1/23,645,706,682
E14000801,Luton South,E15000006,East of England,K02000001,UK,11/1/23,4/1/23,592,706,682
E14000806,Maldon,E15000006,East of England,K02000001,UK,11/1/23,4/1/23,638,706,682
E14000813,Mid Bedfordshire,E15000006,East of England,K02000001,UK,11/1/23,4/1/23,825,706,682
E14000816,Mid Norfolk,E15000006,East of England,K02000001,UK,11/1/23,4/1/23,615,706,682
E14000841,North East Bedfordshire,E15000006,East of England,K02000001,UK,11/1/23,4/1/23,756,706,682
E14000842,North East Cambridgeshire,E15000006,East of England,K02000001,UK,11/1/23,4/1/23,674,706,682
E14000845,North East Hertfordshire,E15000006,East of England,K02000001,UK,11/1/23,4/1/23,862,706,682
E14000848,North Norfolk,E15000006,East of England,K02000001,UK,11/1/23,4/1/23,580,706,682
E14000855,North West Cambridgeshire,E15000006,East of England,K02000001,UK,11/1/23,4/1/23,696,706,682
E14000859,North West Norfolk,E15000006,East of England,K02000001,UK,11/1/23,4/1/23,644,706,682
E14000863,Norwich North,E15000006,East of England,K02000001,UK,11/1/23,4/1/23,648,706,682
E14000864,Norwich South,E15000006,East of England,K02000001,UK,11/1/23,4/1/23,674,706,682
E14000878,Peterborough,E15000006,East of England,K02000001,UK,11/1/23,4/1/23,646,706,682
E14000888,Rayleigh and Wickford,E15000006,East of England,K02000001,UK,11/1/23,4/1/23,815,706,682
E14000899,Rochford and Southend East,E15000006,East of England,K02000001,UK,11/1/23,4/1/23,725,706,682
E14000910,Saffron Walden,E15000006,East of England,K02000001,UK,11/1/23,4/1/23,772,706,682
E14000933,South Basildon and East Thurrock,E15000006,East of England,K02000001,UK,11/1/23,4/1/23,728,706,682
E14000934,South Cambridgeshire,E15000006,East of England,K02000001,UK,11/1/23,4/1/23,839,706,682
E14000937,South East Cambridgeshire,E15000006,East of England,K02000001,UK,11/1/23,4/1/23,739,706,682
E14000941,South Norfolk,E15000006,East of England,K02000001,UK,11/1/23,4/1/23,651,706,682
E14000946,South Suffolk,E15000006,East of England,K02000001,UK,11/1/23,4/1/23,637,706,682
E14000949,South West Bedfordshire,E15000006,East of England,K02000001,UK,11/1/23,4/1/23,739,706,682
E14000951,South West Hertfordshire,E15000006,East of England,K02000001,UK,11/1/23,4/1/23,894,706,682
E14000952,South West Norfolk,E15000006,East of England,K02000001,UK,11/1/23,4/1/23,652,706,682
E14000957,Southend West,E15000006,East of England,K02000001,UK,11/1/23,4/1/23,738,706,682
E14000960,St Albans,E15000006,East of England,K02000001,UK,11/1/23,4/1/23,900,706,682
E14000968,Stevenage,E15000006,East of England,K02000001,UK,11/1/23,4/1/23,671,706,682
E14000981,Suffolk Coastal,E15000006,East of England,K02000001,UK,11/1/23,4/1/23,649,706,682
E14000995,Thurrock,E15000006,East of England,K02000001,UK,11/1/23,4/1/23,700,706,682
E14001021,Watford,E15000006,East of England,K02000001,UK,11/1/23,4/1/23,753,706,682
E14001022,Waveney,E15000006,East of England,K02000001,UK,11/1/23,4/1/23,581,706,682
E14001027,Welwyn Hatfield,E15000006,East of England,K02000001,UK,11/1/23,4/1/23,757,706,682
E14001034,West Suffolk,E15000006,East of England,K02000001,UK,11/1/23,4/1/23,639,706,682
E14001045,Witham,E15000006,East of England,K02000001,UK,11/1/23,4/1/23,746,706,682
E14000540,Barking,E15000007,London,K02000001,UK,11/1/23,4/1/23,670,796,682
E14000549,Battersea,E15000007,London,K02000001,UK,11/1/23,4/1/23,909,796,682
E14000551,Beckenham,E15000007,London,K02000001,UK,11/1/23,4/1/23,896,796,682
E14000553,Bermondsey and Old Southwark,E15000007,London,K02000001,UK,11/1/23,4/1/23,872,796,682
E14000555,Bethnal Green and Bow,E15000007,London,K02000001,UK,11/1/23,4/1/23,786,796,682
E14000558,Bexleyheath and Crayford,E15000007,London,K02000001,UK,11/1/23,4/1/23,784,796,682
E14000591,Brent Central,E15000007,London,K02000001,UK,11/1/23,4/1/23,688,796,682
E14000592,Brent North,E15000007,London,K02000001,UK,11/1/23,4/1/23,733,796,682
E14000593,Brentford and Isleworth,E15000007,London,K02000001,UK,11/1/23,4/1/23,849,796,682
E14000604,Bromley and Chislehurst,E15000007,London,K02000001,UK,11/1/23,4/1/23,866,796,682
E14000615,Camberwell and Peckham,E15000007,London,K02000001,UK,11/1/23,4/1/23,726,796,682
E14000621,Carshalton and Wallington,E15000007,London,K02000001,UK,11/1/23,4/1/23,719,796,682
E14000629,Chelsea and Fulham,E15000007,London,K02000001,UK,11/1/23,4/1/23,862,796,682
E14000634,Chingford and Woodford Green,E15000007,London,K02000001,UK,11/1/23,4/1/23,790,796,682
E14000636,Chipping Barnet,E15000007,London,K02000001,UK,11/1/23,4/1/23,765,796,682
E14000639,Cities of London and Westminster,E15000007,London,K02000001,UK,11/1/23,4/1/23,906,796,682
E14000654,Croydon Central,E15000007,London,K02000001,UK,11/1/23,4/1/23,800,796,682
E14000655,Croydon North,E15000007,London,K02000001,UK,11/1/23,4/1/23,702,796,682
E14000656,Croydon South,E15000007,London,K02000001,UK,11/1/23,4/1/23,886,796,682
E14000657,Dagenham and Rainham,E15000007,London,K02000001,UK,11/1/23,4/1/23,727,796,682
E14000673,Dulwich and West Norwood,E15000007,London,K02000001,UK,11/1/23,4/1/23,846,796,682
E14000674,Ealing Central and Acton,E15000007,London,K02000001,UK,11/1/23,4/1/23,792,796,682
E14000675,Ealing North,E15000007,London,K02000001,UK,11/1/23,4/1/23,664,796,682
E14000676,"Ealing, Southall",E15000007,London,K02000001,UK,11/1/23,4/1/23,685,796,682
E14000679,East Ham,E15000007,London,K02000001,UK,11/1/23,4/1/23,698,796,682
E14000687,Edmonton,E15000007,London,K02000001,UK,11/1/23,4/1/23,686,796,682
E14000690,Eltham,E15000007,London,K02000001,UK,11/1/23,4/1/23,842,796,682
E14000691,Enfield North,E15000007,London,K02000001,UK,11/1/23,4/1/23,777,796,682
E14000692,"Enfield, Southgate",E15000007,London,K02000001,UK,11/1/23,4/1/23,775,796,682
E14000696,Erith and Thamesmead,E15000007,London,K02000001,UK,11/1/23,4/1/23,721,796,682
E14000701,Feltham and Heston,E15000007,London,K02000001,UK,11/1/23,4/1/23,664,796,682
E14000703,Finchley and Golders Green,E15000007,London,K02000001,UK,11/1/23,4/1/23,737,796,682
E14000718,Greenwich and Woolwich,E15000007,London,K02000001,UK,11/1/23,4/1/23,841,796,682
E14000720,Hackney North and Stoke Newington,E15000007,London,K02000001,UK,11/1/23,4/1/23,846,796,682
E14000721,Hackney South and Shoreditch,E15000007,London,K02000001,UK,11/1/23,4/1/23,747,796,682
E14000726,Hammersmith,E15000007,London,K02000001,UK,11/1/23,4/1/23,861,796,682
E14000727,Hampstead and Kilburn,E15000007,London,K02000001,UK,11/1/23,4/1/23,890,796,682
E14000731,Harrow East,E15000007,London,K02000001,UK,11/1/23,4/1/23,816,796,682
E14000732,Harrow West,E15000007,London,K02000001,UK,11/1/23,4/1/23,709,796,682
E14000737,Hayes and Harlington,E15000007,London,K02000001,UK,11/1/23,4/1/23,679,796,682
E14000741,Hendon,E15000007,London,K02000001,UK,11/1/23,4/1/23,767,796,682
E14000750,Holborn and St Pancras,E15000007,London,K02000001,UK,11/1/23,4/1/23,757,796,682
E14000751,Hornchurch and Upminster,E15000007,London,K02000001,UK,11/1/23,4/1/23,828,796,682
E14000752,Hornsey and Wood Green,E15000007,London,K02000001,UK,11/1/23,4/1/23,862,796,682
E14000759,Ilford North,E15000007,London,K02000001,UK,11/1/23,4/1/23,825,796,682
E14000760,Ilford South,E15000007,London,K02000001,UK,11/1/23,4/1/23,698,796,682
E14000763,Islington North,E15000007,London,K02000001,UK,11/1/23,4/1/23,874,796,682
E14000764,Islington South and Finsbury,E15000007,London,K02000001,UK,11/1/23,4/1/23,826,796,682
E14000768,Kensington,E15000007,London,K02000001,UK,11/1/23,4/1/23,931,796,682
E14000770,Kingston and Surbiton,E15000007,London,K02000001,UK,11/1/23,4/1/23,818,796,682
E14000787,Lewisham East,E15000007,London,K02000001,UK,11/1/23,4/1/23,764,796,682
E14000788,Lewisham West and Penge,E15000007,London,K02000001,UK,11/1/23,4/1/23,761,796,682
E14000789,"Lewisham, Deptford",E15000007,London,K02000001,UK,11/1/23,4/1/23,791,796,682
E14000790,Leyton and Wanstead,E15000007,London,K02000001,UK,11/1/23,4/1/23,767,796,682
E14000823,Mitcham and Morden,E15000007,London,K02000001,UK,11/1/23,4/1/23,748,796,682
E14000869,Old Bexley and Sidcup,E15000007,London,K02000001,UK,11/1/23,4/1/23,840,796,682
E14000872,Orpington,E15000007,London,K02000001,UK,11/1/23,4/1/23,799,796,682
E14000882,Poplar and Limehouse,E15000007,London,K02000001,UK,11/1/23,4/1/23,919,796,682
E14000887,Putney,E15000007,London,K02000001,UK,11/1/23,4/1/23,958,796,682
E14000896,Richmond Park,E15000007,London,K02000001,UK,11/1/23,4/1/23,1049,796,682
E14000900,Romford,E15000007,London,K02000001,UK,11/1/23,4/1/23,748,796,682
E14000906,"Ruislip, Northwood and Pinner",E15000007,London,K02000001,UK,11/1/23,4/1/23,890,796,682
E14000978,Streatham,E15000007,London,K02000001,UK,11/1/23,4/1/23,820,796,682
E14000984,Sutton and Cheam,E15000007,London,K02000001,UK,11/1/23,4/1/23,807,796,682
E14000998,Tooting,E15000007,London,K02000001,UK,11/1/23,4/1/23,894,796,682
E14001002,Tottenham,E15000007,London,K02000001,UK,11/1/23,4/1/23,727,796,682
E14001005,Twickenham,E15000007,London,K02000001,UK,11/1/23,4/1/23,815,796,682
E14001007,Uxbridge and South Ruislip,E15000007,London,K02000001,UK,11/1/23,4/1/23,844,796,682
E14001008,Vauxhall,E15000007,London,K02000001,UK,11/1/23,4/1/23,908,796,682
E14001013,Walthamstow,E15000007,London,K02000001,UK,11/1/23,4/1/23,782,796,682
E14001032,West Ham,E15000007,London,K02000001,UK,11/1/23,4/1/23,744,796,682
E14001036,Westminster North,E15000007,London,K02000001,UK,11/1/23,4/1/23,862,796,682
E14001040,Wimbledon,E15000007,London,K02000001,UK,11/1/23,4/1/23,864,796,682
E14000530,Aldershot,E15000008,South East,K02000001,UK,11/1/23,4/1/23,722,724,682
E14000534,Arundel and South Downs,E15000008,South East,K02000001,UK,11/1/23,4/1/23,707,724,682
E14000536,Ashford,E15000008,South East,K02000001,UK,11/1/23,4/1/23,659,724,682
E14000538,Aylesbury,E15000008,South East,K02000001,UK,11/1/23,4/1/23,686,724,682
E14000539,Banbury,E15000008,South East,K02000001,UK,11/1/23,4/1/23,696,724,682
E14000545,Basingstoke,E15000008,South East,K02000001,UK,11/1/23,4/1/23,709,724,682
E14000550,Beaconsfield,E15000008,South East,K02000001,UK,11/1/23,4/1/23,831,724,682
E14000557,Bexhill and Battle,E15000008,South East,K02000001,UK,11/1/23,4/1/23,645,724,682
E14000576,Bognor Regis and Littlehampton,E15000008,South East,K02000001,UK,11/1/23,4/1/23,551,724,682
E14000586,Bracknell,E15000008,South East,K02000001,UK,11/1/23,4/1/23,766,724,682
E14000597,"Brighton, Kemptown",E15000008,South East,K02000001,UK,11/1/23,4/1/23,705,724,682
E14000598,"Brighton, Pavilion",E15000008,South East,K02000001,UK,11/1/23,4/1/23,670,724,682
E14000608,Buckingham,E15000008,South East,K02000001,UK,11/1/23,4/1/23,806,724,682
E14000619,Canterbury,E15000008,South East,K02000001,UK,11/1/23,4/1/23,668,724,682
E14000626,Chatham and Aylesford,E15000008,South East,K02000001,UK,11/1/23,4/1/23,696,724,682
E14000631,Chesham and Amersham,E15000008,South East,K02000001,UK,11/1/23,4/1/23,792,724,682
E14000633,Chichester,E15000008,South East,K02000001,UK,11/1/23,4/1/23,661,724,682
E14000652,Crawley,E15000008,South East,K02000001,UK,11/1/23,4/1/23,654,724,682
E14000659,Dartford,E15000008,South East,K02000001,UK,11/1/23,4/1/23,745,724,682
E14000670,Dover,E15000008,South East,K02000001,UK,11/1/23,4/1/23,691,724,682
E14000680,East Hampshire,E15000008,South East,K02000001,UK,11/1/23,4/1/23,729,724,682
E14000681,East Surrey,E15000008,South East,K02000001,UK,11/1/23,4/1/23,761,724,682
E14000682,East Worthing and Shoreham,E15000008,South East,K02000001,UK,11/1/23,4/1/23,652,724,682
E14000684,Eastbourne,E15000008,South East,K02000001,UK,11/1/23,4/1/23,736,724,682
E14000685,Eastleigh,E15000008,South East,K02000001,UK,11/1/23,4/1/23,677,724,682
E14000694,Epsom and Ewell,E15000008,South East,K02000001,UK,11/1/23,4/1/23,838,724,682
E14000697,Esher and Walton,E15000008,South East,K02000001,UK,11/1/23,4/1/23,882,724,682
E14000699,Fareham,E15000008,South East,K02000001,UK,11/1/23,4/1/23,744,724,682
E14000700,Faversham and Mid Kent,E15000008,South East,K02000001,UK,11/1/23,4/1/23,679,724,682
E14000704,Folkestone and Hythe,E15000008,South East,K02000001,UK,11/1/23,4/1/23,687,724,682
E14000711,Gillingham and Rainham,E15000008,South East,K02000001,UK,11/1/23,4/1/23,677,724,682
E14000713,Gosport,E15000008,South East,K02000001,UK,11/1/23,4/1/23,668,724,682
E14000715,Gravesham,E15000008,South East,K02000001,UK,11/1/23,4/1/23,755,724,682
E14000719,Guildford,E15000008,South East,K02000001,UK,11/1/23,4/1/23,799,724,682
E14000735,Hastings and Rye,E15000008,South East,K02000001,UK,11/1/23,4/1/23,659,724,682
E14000736,Havant,E15000008,South East,K02000001,UK,11/1/23,4/1/23,674,724,682
E14000742,Henley,E15000008,South East,K02000001,UK,11/1/23,4/1/23,777,724,682
E14000753,Horsham,E15000008,South East,K02000001,UK,11/1/23,4/1/23,746,724,682
E14000755,Hove,E15000008,South East,K02000001,UK,11/1/23,4/1/23,679,724,682
E14000762,Isle of Wight,E15000008,South East,K02000001,UK,11/1/23,4/1/23,639,724,682
E14000786,Lewes,E15000008,South East,K02000001,UK,11/1/23,4/1/23,684,724,682
E14000803,Maidenhead,E15000008,South East,K02000001,UK,11/1/23,4/1/23,816,724,682
E14000804,Maidstone and The Weald,E15000008,South East,K02000001,UK,11/1/23,4/1/23,671,724,682
E14000811,Meon Valley,E15000008,South East,K02000001,UK,11/1/23,4/1/23,748,724,682
E14000817,Mid Sussex,E15000008,South East,K02000001,UK,11/1/23,4/1/23,767,724,682
E14000821,Milton Keynes North,E15000008,South East,K02000001,UK,11/1/23,4/1/23,697,724,682
E14000822,Milton Keynes South,E15000008,South East,K02000001,UK,11/1/23,4/1/23,704,724,682
E14000824,Mole Valley,E15000008,South East,K02000001,UK,11/1/23,4/1/23,858,724,682
E14000827,New Forest East,E15000008,South East,K02000001,UK,11/1/23,4/1/23,698,724,682
E14000828,New Forest West,E15000008,South East,K02000001,UK,11/1/23,4/1/23,629,724,682
E14000830,Newbury,E15000008,South East,K02000001,UK,11/1/23,4/1/23,778,724,682
E14000844,North East Hampshire,E15000008,South East,K02000001,UK,11/1/23,4/1/23,858,724,682
E14000852,North Thanet,E15000008,South East,K02000001,UK,11/1/23,4/1/23,671,724,682
E14000857,North West Hampshire,E15000008,South East,K02000001,UK,11/1/23,4/1/23,788,724,682
E14000873,Oxford East,E15000008,South East,K02000001,UK,11/1/23,4/1/23,714,724,682
E14000874,Oxford West and Abingdon,E15000008,South East,K02000001,UK,11/1/23,4/1/23,710,724,682
E14000883,Portsmouth North,E15000008,South East,K02000001,UK,11/1/23,4/1/23,657,724,682
E14000884,Portsmouth South,E15000008,South East,K02000001,UK,11/1/23,4/1/23,636,724,682
E14000889,Reading East,E15000008,South East,K02000001,UK,11/1/23,4/1/23,737,724,682
E14000890,Reading West,E15000008,South East,K02000001,UK,11/1/23,4/1/23,732,724,682
E14000893,Reigate,E15000008,South East,K02000001,UK,11/1/23,4/1/23,786,724,682
E14000898,Rochester and Strood,E15000008,South East,K02000001,UK,11/1/23,4/1/23,689,724,682
E14000901,Romsey and Southampton North,E15000008,South East,K02000001,UK,11/1/23,4/1/23,700,724,682
E14000907,Runnymede and Weybridge,E15000008,South East,K02000001,UK,11/1/23,4/1/23,867,724,682
E14000918,Sevenoaks,E15000008,South East,K02000001,UK,11/1/23,4/1/23,776,724,682
E14000927,Sittingbourne and Sheppey,E15000008,South East,K02000001,UK,11/1/23,4/1/23,685,724,682
E14000930,Slough,E15000008,South East,K02000001,UK,11/1/23,4/1/23,728,724,682
E14000948,South Thanet,E15000008,South East,K02000001,UK,11/1/23,4/1/23,594,724,682
E14000953,South West Surrey,E15000008,South East,K02000001,UK,11/1/23,4/1/23,857,724,682
E14000955,"Southampton, Itchen",E15000008,South East,K02000001,UK,11/1/23,4/1/23,645,724,682
E14000956,"Southampton, Test",E15000008,South East,K02000001,UK,11/1/23,4/1/23,650,724,682
E14000959,Spelthorne,E15000008,South East,K02000001,UK,11/1/23,4/1/23,729,724,682
E14000983,Surrey Heath,E15000008,South East,K02000001,UK,11/1/23,4/1/23,797,724,682
E14000997,Tonbridge and Malling,E15000008,South East,K02000001,UK,11/1/23,4/1/23,781,724,682
E14001004,Tunbridge Wells,E15000008,South East,K02000001,UK,11/1/23,4/1/23,771,724,682
E14001015,Wantage,E15000008,South East,K02000001,UK,11/1/23,4/1/23,769,724,682
E14001023,Wealden,E15000008,South East,K02000001,UK,11/1/23,4/1/23,680,724,682
E14001041,Winchester,E15000008,South East,K02000001,UK,11/1/23,4/1/23,801,724,682
E14001042,Windsor,E15000008,South East,K02000001,UK,11/1/23,4/1/23,766,724,682
E14001046,Witney,E15000008,South East,K02000001,UK,11/1/23,4/1/23,688,724,682
E14001047,Woking,E15000008,South East,K02000001,UK,11/1/23,4/1/23,792,724,682
E14001048,Wokingham,E15000008,South East,K02000001,UK,11/1/23,4/1/23,868,724,682
E14001055,Worthing West,E15000008,South East,K02000001,UK,11/1/23,4/1/23,628,724,682
E14001056,Wycombe,E15000008,South East,K02000001,UK,11/1/23,4/1/23,715,724,682
E14000547,Bath,E15000009,South West,K02000001,UK,11/1/23,4/1/23,735,664,682
E14000584,Bournemouth East,E15000009,South West,K02000001,UK,11/1/23,4/1/23,720,664,682
E14000585,Bournemouth West,E15000009,South West,K02000001,UK,11/1/23,4/1/23,580,664,682
E14000595,Bridgwater and West Somerset,E15000009,South West,K02000001,UK,11/1/23,4/1/23,621,664,682
E14000599,Bristol East,E15000009,South West,K02000001,UK,11/1/23,4/1/23,674,664,682
E14000600,Bristol North West,E15000009,South West,K02000001,UK,11/1/23,4/1/23,678,664,682
E14000601,Bristol South,E15000009,South West,K02000001,UK,11/1/23,4/1/23,704,664,682
E14000602,Bristol West,E15000009,South West,K02000001,UK,11/1/23,4/1/23,716,664,682
E14000616,Camborne and Redruth,E15000009,South West,K02000001,UK,11/1/23,4/1/23,597,664,682
E14000623,Central Devon,E15000009,South West,K02000001,UK,11/1/23,4/1/23,614,664,682
E14000630,Cheltenham,E15000009,South West,K02000001,UK,11/1/23,4/1/23,690,664,682
E14000635,Chippenham,E15000009,South West,K02000001,UK,11/1/23,4/1/23,660,664,682
E14000638,Christchurch,E15000009,South West,K02000001,UK,11/1/23,4/1/23,758,664,682
E14000665,Devizes,E15000009,South West,K02000001,UK,11/1/23,4/1/23,650,664,682
E14000678,East Devon,E15000009,South West,K02000001,UK,11/1/23,4/1/23,695,664,682
E14000698,Exeter,E15000009,South West,K02000001,UK,11/1/23,4/1/23,628,664,682
E14000702,Filton and Bradley Stoke,E15000009,South West,K02000001,UK,11/1/23,4/1/23,758,664,682
E14000705,Forest of Dean,E15000009,South West,K02000001,UK,11/1/23,4/1/23,724,664,682
E14000712,Gloucester,E15000009,South West,K02000001,UK,11/1/23,4/1/23,609,664,682
E14000774,Kingswood,E15000009,South West,K02000001,UK,11/1/23,4/1/23,664,664,682
E14000815,Mid Dorset and North Poole,E15000009,South West,K02000001,UK,11/1/23,4/1/23,674,664,682
E14000835,Newton Abbot,E15000009,South West,K02000001,UK,11/1/23,4/1/23,595,664,682
E14000837,North Cornwall,E15000009,South West,K02000001,UK,11/1/23,4/1/23,614,664,682
E14000838,North Devon,E15000009,South West,K02000001,UK,11/1/23,4/1/23,590,664,682
E14000839,North Dorset,E15000009,South West,K02000001,UK,11/1/23,4/1/23,618,664,682
E14000846,North East Somerset,E15000009,South West,K02000001,UK,11/1/23,4/1/23,680,664,682
E14000850,North Somerset,E15000009,South West,K02000001,UK,11/1/23,4/1/23,821,664,682
E14000851,North Swindon,E15000009,South West,K02000001,UK,11/1/23,4/1/23,703,664,682
E14000860,North Wiltshire,E15000009,South West,K02000001,UK,11/1/23,4/1/23,758,664,682
E14000879,"Plymouth, Moor View",E15000009,South West,K02000001,UK,11/1/23,4/1/23,629,664,682
E14000880,"Plymouth, Sutton and Devonport",E15000009,South West,K02000001,UK,11/1/23,4/1/23,560,664,682
E14000881,Poole,E15000009,South West,K02000001,UK,11/1/23,4/1/23,698,664,682
E14000912,Salisbury,E15000009,South West,K02000001,UK,11/1/23,4/1/23,649,664,682
E14000932,Somerton and Frome,E15000009,South West,K02000001,UK,11/1/23,4/1/23,626,664,682
E14000936,South Dorset,E15000009,South West,K02000001,UK,11/1/23,4/1/23,658,664,682
E14000938,South East Cornwall,E15000009,South West,K02000001,UK,11/1/23,4/1/23,642,664,682
E14000947,South Swindon,E15000009,South West,K02000001,UK,11/1/23,4/1/23,687,664,682
E14000950,South West Devon,E15000009,South West,K02000001,UK,11/1/23,4/1/23,709,664,682
E14000954,South West Wiltshire,E15000009,South West,K02000001,UK,11/1/23,4/1/23,623,664,682
E14000961,St Austell and Newquay,E15000009,South West,K02000001,UK,11/1/23,4/1/23,616,664,682
E14000964,St Ives,E15000009,South West,K02000001,UK,11/1/23,4/1/23,599,664,682
E14000980,Stroud,E15000009,South West,K02000001,UK,11/1/23,4/1/23,683,664,682
E14000988,Taunton Deane,E15000009,South West,K02000001,UK,11/1/23,4/1/23,640,664,682
E14000990,Tewkesbury,E15000009,South West,K02000001,UK,11/1/23,4/1/23,663,664,682
E14000991,The Cotswolds,E15000009,South West,K02000001,UK,11/1/23,4/1/23,682,664,682
E14000994,Thornbury and Yate,E15000009,South West,K02000001,UK,11/1/23,4/1/23,693,664,682
E14000996,Tiverton and Honiton,E15000009,South West,K02000001,UK,11/1/23,4/1/23,636,664,682
E14000999,Torbay,E15000009,South West,K02000001,UK,11/1/23,4/1/23,580,664,682
E14001000,Torridge and West Devon,E15000009,South West,K02000001,UK,11/1/23,4/1/23,622,664,682
E14001001,Totnes,E15000009,South West,K02000001,UK,11/1/23,4/1/23,581,664,682
E14001003,Truro and Falmouth,E15000009,South West,K02000001,UK,11/1/23,4/1/23,706,664,682
E14001026,Wells,E15000009,South West,K02000001,UK,11/1/23,4/1/23,637,664,682
E14001031,West Dorset,E15000009,South West,K02000001,UK,11/1/23,4/1/23,662,664,682
E14001038,Weston-Super-Mare,E15000009,South West,K02000001,UK,11/1/23,4/1/23,617,664,682
E14001060,Yeovil,E15000009,South West,K02000001,UK,11/1/23,4/1/23,628,664,682
N06000001,Belfast East,N07000001,Northern Ireland,K02000001,UK,11/1/23,4/1/23,640,643,682
N06000002,Belfast North,N07000001,Northern Ireland,K02000001,UK,11/1/23,4/1/23,587,643,682
N06000003,Belfast South,N07000001,Northern Ireland,K02000001,UK,11/1/23,4/1/23,728,643,682
N06000004,Belfast West,N07000001,Northern Ireland,K02000001,UK,11/1/23,4/1/23,597,643,682
N06000005,East Antrim,N07000001,Northern Ireland,K02000001,UK,11/1/23,4/1/23,601,643,682
N06000006,East Londonderry,N07000001,Northern Ireland,K02000001,UK,11/1/23,4/1/23,572,643,682
N06000007,Fermanagh and South Tyrone,N07000001,Northern Ireland,K02000001,UK,11/1/23,4/1/23,635,643,682
N06000008,Foyle,N07000001,Northern Ireland,K02000001,UK,11/1/23,4/1/23,617,643,682
N06000009,Lagan Valley,N07000001,Northern Ireland,K02000001,UK,11/1/23,4/1/23,671,643,682
N06000010,Mid Ulster,N07000001,Northern Ireland,K02000001,UK,11/1/23,4/1/23,616,643,682
N06000011,Newry and Armagh,N07000001,Northern Ireland,K02000001,UK,11/1/23,4/1/23,641,643,682
N06000012,North Antrim,N07000001,Northern Ireland,K02000001,UK,11/1/23,4/1/23,625,643,682
N06000013,North Down,N07000001,Northern Ireland,K02000001,UK,11/1/23,4/1/23,624,643,682
N06000014,South Antrim,N07000001,Northern Ireland,K02000001,UK,11/1/23,4/1/23,680,643,682
N06000015,South Down,N07000001,Northern Ireland,K02000001,UK,11/1/23,4/1/23,579,643,682
N06000016,Strangford,N07000001,Northern Ireland,K02000001,UK,11/1/23,4/1/23,677,643,682
N06000017,Upper Bann,N07000001,Northern Ireland,K02000001,UK,11/1/23,4/1/23,630,643,682
N06000018,West Tyrone,N07000001,Northern Ireland,K02000001,UK,11/1/23,4/1/23,634,643,682
S14000001,Aberdeen North,S15000001,Scotland,K02000001,UK,11/1/23,4/1/23,682,702,682
S14000002,Aberdeen South,S15000001,Scotland,K02000001,UK,11/1/23,4/1/23,768,702,682
S14000003,Airdrie and Shotts,S15000001,Scotland,K02000001,UK,11/1/23,4/1/23,705,702,682
S14000004,Angus,S15000001,Scotland,K02000001,UK,11/1/23,4/1/23,631,702,682
S14000005,Argyll and Bute,S15000001,Scotland,K02000001,UK,11/1/23,4/1/23,654,702,682
S14000006,"Ayr, Carrick and Cumnock",S15000001,Scotland,K02000001,UK,11/1/23,4/1/23,694,702,682
S14000007,Banff and Buchan,S15000001,Scotland,K02000001,UK,11/1/23,4/1/23,660,702,682
S14000008,"Berwickshire, Roxburgh and Selkirk",S15000001,Scotland,K02000001,UK,11/1/23,4/1/23,670,702,682
S14000009,"Caithness, Sutherland and Easter Ross",S15000001,Scotland,K02000001,UK,11/1/23,4/1/23,740,702,682
S14000010,Central Ayrshire,S15000001,Scotland,K02000001,UK,11/1/23,4/1/23,749,702,682
S14000011,"Coatbridge, Chryston and Bellshill",S15000001,Scotland,K02000001,UK,11/1/23,4/1/23,765,702,682
S14000012,"Cumbernauld, Kilsyth and Kirkintilloch East",S15000001,Scotland,K02000001,UK,11/1/23,4/1/23,720,702,682
S14000013,Dumfries and Galloway,S15000001,Scotland,K02000001,UK,11/1/23,4/1/23,610,702,682
S14000014,"Dumfriesshire, Clydesdale and Tweeddale",S15000001,Scotland,K02000001,UK,11/1/23,4/1/23,637,702,682
S14000015,Dundee East,S15000001,Scotland,K02000001,UK,11/1/23,4/1/23,615,702,682
S14000016,Dundee West,S15000001,Scotland,K02000001,UK,11/1/23,4/1/23,629,702,682
S14000017,Dunfermline and West Fife,S15000001,Scotland,K02000001,UK,11/1/23,4/1/23,709,702,682
S14000018,East Dunbartonshire,S15000001,Scotland,K02000001,UK,11/1/23,4/1/23,835,702,682
S14000019,"East Kilbride, Strathaven and Lesmahagow",S15000001,Scotland,K02000001,UK,11/1/23,4/1/23,730,702,682
S14000020,East Lothian,S15000001,Scotland,K02000001,UK,11/1/23,4/1/23,667,702,682
S14000021,East Renfrewshire,S15000001,Scotland,K02000001,UK,11/1/23,4/1/23,859,702,682
S14000022,Edinburgh East,S15000001,Scotland,K02000001,UK,11/1/23,4/1/23,716,702,682
S14000023,Edinburgh North and Leith,S15000001,Scotland,K02000001,UK,11/1/23,4/1/23,696,702,682
S14000024,Edinburgh South,S15000001,Scotland,K02000001,UK,11/1/23,4/1/23,779,702,682
S14000025,Edinburgh South West,S15000001,Scotland,K02000001,UK,11/1/23,4/1/23,672,702,682
S14000026,Edinburgh West,S15000001,Scotland,K02000001,UK,11/1/23,4/1/23,768,702,682
S14000027,Na h-Eileanan An Iar,S15000001,Scotland,K02000001,UK,11/1/23,4/1/23,728,702,682
S14000028,Falkirk,S15000001,Scotland,K02000001,UK,11/1/23,4/1/23,668,702,682
S14000029,Glasgow Central,S15000001,Scotland,K02000001,UK,11/1/23,4/1/23,688,702,682
S14000030,Glasgow East,S15000001,Scotland,K02000001,UK,11/1/23,4/1/23,662,702,682
S14000031,Glasgow North,S15000001,Scotland,K02000001,UK,11/1/23,4/1/23,730,702,682
S14000032,Glasgow North East,S15000001,Scotland,K02000001,UK,11/1/23,4/1/23,641,702,682
S14000033,Glasgow North West,S15000001,Scotland,K02000001,UK,11/1/23,4/1/23,729,702,682
S14000034,Glasgow South,S15000001,Scotland,K02000001,UK,11/1/23,4/1/23,774,702,682
S14000035,Glasgow South West,S15000001,Scotland,K02000001,UK,11/1/23,4/1/23,619,702,682
S14000036,Glenrothes,S15000001,Scotland,K02000001,UK,11/1/23,4/1/23,610,702,682
S14000037,Gordon,S15000001,Scotland,K02000001,UK,11/1/23,4/1/23,787,702,682
S14000038,Inverclyde,S15000001,Scotland,K02000001,UK,11/1/23,4/1/23,719,702,682
S14000039,"Inverness, Nairn, Badenoch and Strathspey",S15000001,Scotland,K02000001,UK,11/1/23,4/1/23,708,702,682
S14000040,Kilmarnock and Loudoun,S15000001,Scotland,K02000001,UK,11/1/23,4/1/23,709,702,682
S14000041,Kirkcaldy and Cowdenbeath,S15000001,Scotland,K02000001,UK,11/1/23,4/1/23,680,702,682
S14000042,Lanark and Hamilton East,S15000001,Scotland,K02000001,UK,11/1/23,4/1/23,752,702,682
S14000043,Linlithgow and East Falkirk,S15000001,Scotland,K02000001,UK,11/1/23,4/1/23,704,702,682
S14000044,Livingston,S15000001,Scotland,K02000001,UK,11/1/23,4/1/23,709,702,682
S14000045,Midlothian,S15000001,Scotland,K02000001,UK,11/1/23,4/1/23,716,702,682
S14000046,Moray,S15000001,Scotland,K02000001,UK,11/1/23,4/1/23,647,702,682
S14000047,Motherwell and Wishaw,S15000001,Scotland,K02000001,UK,11/1/23,4/1/23,672,702,682
S14000048,North Ayrshire and Arran,S15000001,Scotland,K02000001,UK,11/1/23,4/1/23,704,702,682
S14000049,North East Fife,S15000001,Scotland,K02000001,UK,11/1/23,4/1/23,687,702,682
S14000050,Ochil and South Perthshire,S15000001,Scotland,K02000001,UK,11/1/23,4/1/23,707,702,682
S14000051,Orkney and Shetland,S15000001,Scotland,K02000001,UK,11/1/23,4/1/23,847,702,682
S14000052,Paisley and Renfrewshire North,S15000001,Scotland,K02000001,UK,11/1/23,4/1/23,802,702,682
S14000053,Paisley and Renfrewshire South,S15000001,Scotland,K02000001,UK,11/1/23,4/1/23,647,702,682
S14000054,Perth and North Perthshire,S15000001,Scotland,K02000001,UK,11/1/23,4/1/23,709,702,682
S14000055,"Ross, Skye and Lochaber",S15000001,Scotland,K02000001,UK,11/1/23,4/1/23,665,702,682
S14000056,Rutherglen and Hamilton West,S15000001,Scotland,K02000001,UK,11/1/23,4/1/23,699,702,682
S14000057,Stirling,S15000001,Scotland,K02000001,UK,11/1/23,4/1/23,700,702,682
S14000058,West Aberdeenshire and Kincardine,S15000001,Scotland,K02000001,UK,11/1/23,4/1/23,792,702,682
S14000059,West Dunbartonshire,S15000001,Scotland,K02000001,UK,11/1/23,4/1/23,682,702,682
W07000041,Ynys Môn,W08000001,Wales,K02000001,UK,11/1/23,4/1/23,665,636,682
W07000042,Delyn,W08000001,Wales,K02000001,UK,11/1/23,4/1/23,674,636,682
W07000043,Alyn and Deeside,W08000001,Wales,K02000001,UK,11/1/23,4/1/23,616,636,682
W07000044,Wrexham,W08000001,Wales,K02000001,UK,11/1/23,4/1/23,669,636,682
W07000045,Llanelli,W08000001,Wales,K02000001,UK,11/1/23,4/1/23,594,636,682
W07000046,Gower,W08000001,Wales,K02000001,UK,11/1/23,4/1/23,664,636,682
W07000047,Swansea West,W08000001,Wales,K02000001,UK,11/1/23,4/1/23,662,636,682
W07000048,Swansea East,W08000001,Wales,K02000001,UK,11/1/23,4/1/23,596,636,682
W07000049,Aberavon,W08000001,Wales,K02000001,UK,11/1/23,4/1/23,729,636,682
W07000050,Cardiff Central,W08000001,Wales,K02000001,UK,11/1/23,4/1/23,645,636,682
W07000051,Cardiff North,W08000001,Wales,K02000001,UK,11/1/23,4/1/23,769,636,682
W07000052,Rhondda,W08000001,Wales,K02000001,UK,11/1/23,4/1/23,564,636,682
W07000053,Torfaen,W08000001,Wales,K02000001,UK,11/1/23,4/1/23,610,636,682
W07000054,Monmouth,W08000001,Wales,K02000001,UK,11/1/23,4/1/23,699,636,682
W07000055,Newport East,W08000001,Wales,K02000001,UK,11/1/23,4/1/23,643,636,682
W07000056,Newport West,W08000001,Wales,K02000001,UK,11/1/23,4/1/23,619,636,682
W07000057,Arfon,W08000001,Wales,K02000001,UK,11/1/23,4/1/23,614,636,682
W07000058,Aberconwy,W08000001,Wales,K02000001,UK,11/1/23,4/1/23,595,636,682
W07000059,Clwyd West,W08000001,Wales,K02000001,UK,11/1/23,4/1/23,645,636,682
W07000060,Vale of Clwyd,W08000001,Wales,K02000001,UK,11/1/23,4/1/23,557,636,682
W07000061,Dwyfor Meirionnydd,W08000001,Wales,K02000001,UK,11/1/23,4/1/23,519,636,682
W07000062,Clwyd South,W08000001,Wales,K02000001,UK,11/1/23,4/1/23,597,636,682
W07000063,Montgomeryshire,W08000001,Wales,K02000001,UK,11/1/23,4/1/23,625,636,682
W07000064,Ceredigion,W08000001,Wales,K02000001,UK,11/1/23,4/1/23,607,636,682
W07000065,Preseli Pembrokeshire,W08000001,Wales,K02000001,UK,11/1/23,4/1/23,670,636,682
W07000066,Carmarthen West and Pembrokeshire South,W08000001,Wales,K02000001,UK,11/1/23,4/1/23,632,636,682
W07000067,Carmarthen East and Dinefwr,W08000001,Wales,K02000001,UK,11/1/23,4/1/23,725,636,682
W07000068,Brecon and Radnorshire,W08000001,Wales,K02000001,UK,11/1/23,4/1/23,629,636,682
W07000069,Neath,W08000001,Wales,K02000001,UK,11/1/23,4/1/23,595,636,682
W07000070,Cynon Valley,W08000001,Wales,K02000001,UK,11/1/23,4/1/23,609,636,682
W07000071,Merthyr Tydfil and Rhymney,W08000001,Wales,K02000001,UK,11/1/23,4/1/23,607,636,682
W07000072,Blaenau Gwent,W08000001,Wales,K02000001,UK,11/1/23,4/1/23,607,636,682
W07000073,Bridgend,W08000001,Wales,K02000001,UK,11/1/23,4/1/23,670,636,682
W07000074,Ogmore,W08000001,Wales,K02000001,UK,11/1/23,4/1/23,594,636,682
W07000075,Pontypridd,W08000001,Wales,K02000001,UK,11/1/23,4/1/23,655,636,682
W07000076,Caerphilly,W08000001,Wales,K02000001,UK,11/1/23,4/1/23,578,636,682
W07000077,Islwyn,W08000001,Wales,K02000001,UK,11/1/23,4/1/23,667,636,682
W07000078,Vale of Glamorgan,W08000001,Wales,K02000001,UK,11/1/23,4/1/23,665,636,682
W07000079,Cardiff West,W08000001,Wales,K02000001,UK,11/1/23,4/1/23,653,636,682
W07000080,Cardiff South and Penarth,W08000001,Wales,K02000001,UK,11/1/23,4/1/23,593,636,682